fold,biomarker,auroc,ap,f1,threshold,usable
0,atrophy_thinning,0.887,0.105,0.237,0.03,True
0,dril,0.916,0.034,0.01,0.0,False
0,drt_me,0.989,0.981,0.925,0.19,True
0,ez_disruption,0.937,0.661,0.626,0.05,True
0,fluid_irf,0.967,0.969,0.91,0.76,True
0,fluid_srf,0.969,0.842,0.772,0.13,True
0,ir_hemorrhages,0.89,0.321,0.356,0.0,True
0,ir_hrf,0.874,0.92,0.83,0.86,True
0,ped_serous,nan,nan,nan,0.5,False
0,preretinal_tissue,0.891,0.571,0.577,0.03,True
0,rpe_disruption,nan,nan,nan,0.5,False
0,shrm,0.93,0.62,0.642,0.01,True
0,vitreous_debris,0.741,0.624,0.564,0.27,True
0,vitreous_full,0.875,0.829,0.841,0.21,True
0,vitreous_partial,0.857,0.815,0.735,0.05,True
0,vmt,0.757,0.004,0.003,0.0,False
1,atrophy_thinning,0.914,0.359,0.455,0.97,True
1,dril,nan,nan,nan,0.5,False
1,drt_me,0.977,0.964,0.907,0.92,True
1,ez_disruption,0.924,0.745,0.717,0.16,True
1,fluid_irf,0.967,0.967,0.91,0.7,True
1,fluid_srf,0.999,0.962,0.898,0.87,True
1,ir_hemorrhages,0.893,0.5,0.547,0.1,True
1,ir_hrf,0.908,0.956,0.865,0.39,True
1,ped_serous,nan,nan,nan,0.5,False
1,preretinal_tissue,0.699,0.157,0.277,0.01,True
1,rpe_disruption,0.496,0.004,0.005,0.0,False
1,shrm,0.976,0.147,0.286,0.02,True
1,vitreous_debris,0.841,0.783,0.689,0.02,True
1,vitreous_full,0.9,0.877,0.88,0.18,True
1,vitreous_partial,0.857,0.725,0.698,0.19,True
1,vmt,0.716,0.005,0.004,0.0,False
2,atrophy_thinning,0.723,0.125,0.237,0.0,True
2,dril,nan,nan,nan,0.5,False
2,drt_me,0.984,0.975,0.921,0.07,True
2,ez_disruption,0.881,0.577,0.561,0.06,True
2,fluid_irf,0.945,0.948,0.87,0.34,True
2,fluid_srf,0.743,0.292,0.55,0.66,True
2,ir_hemorrhages,0.765,0.109,0.222,0.02,True
2,ir_hrf,0.845,0.94,0.843,0.02,True
2,ped_serous,nan,nan,nan,0.5,False
2,preretinal_tissue,0.687,0.197,0.33,0.12,True
2,rpe_disruption,0.636,0.035,0.005,0.0,False
2,shrm,0.768,0.046,0.141,0.0,True
2,vitreous_debris,0.895,0.792,0.75,0.27,True
2,vitreous_full,0.901,0.845,0.84,0.02,True
2,vitreous_partial,0.789,0.645,0.648,0.2,True
2,vmt,0.769,0.004,0.003,0.0,False
3,atrophy_thinning,0.885,0.1,0.21,0.0,True
3,dril,0.695,0.022,0.024,0.0,False
3,drt_me,0.954,0.905,0.848,0.17,True
3,ez_disruption,0.915,0.529,0.491,0.88,True
3,fluid_irf,0.95,0.944,0.888,0.37,True
3,fluid_srf,0.994,0.764,0.778,1.0,True
3,ir_hemorrhages,0.874,0.194,0.361,0.1,True
3,ir_hrf,0.882,0.949,0.888,0.36,True
3,ped_serous,0.762,0.012,0.011,0.0,False
3,preretinal_tissue,0.922,0.736,0.662,0.17,True
3,rpe_disruption,nan,nan,nan,0.5,False
3,shrm,0.744,0.022,0.1,0.01,True
3,vitreous_debris,0.799,0.595,0.57,0.38,True
3,vitreous_full,0.841,0.894,0.891,0.01,True
3,vitreous_partial,0.852,0.601,0.675,0.4,True
3,vmt,nan,nan,nan,0.5,False
4,atrophy_thinning,0.773,0.02,0.015,0.0,True
4,dril,nan,nan,nan,0.5,False
4,drt_me,0.969,0.915,0.875,0.14,True
4,ez_disruption,0.91,0.571,0.545,0.37,True
4,fluid_irf,0.961,0.954,0.889,0.81,True
4,fluid_srf,0.93,0.759,0.816,0.19,True
4,ir_hemorrhages,0.867,0.264,0.318,0.56,True
4,ir_hrf,0.888,0.949,0.861,0.54,True
4,ped_serous,nan,nan,nan,0.5,False
4,preretinal_tissue,0.892,0.681,0.631,0.04,True
4,rpe_disruption,nan,nan,nan,0.5,False
4,shrm,0.992,0.191,0.353,0.03,True
4,vitreous_debris,0.763,0.693,0.61,0.05,True
4,vitreous_full,0.892,0.897,0.846,0.4,True
4,vitreous_partial,0.855,0.78,0.723,0.05,True
4,vmt,nan,nan,nan,0.5,False
