biomarker,auroc_v1,auroc_v2,d_auroc,ap_v1,ap_v2,d_ap,f1_v1,f1_v2,d_f1
drt_me,0.9746,0.9742,-0.0004,0.948,0.9446,-0.0034,0.8952,0.8892,-0.006
fluid_irf,0.958,0.9518,-0.0062,0.9564,0.948,-0.0084,0.8934,0.8894,-0.004
fluid_srf,0.927,0.9454,0.0184,0.7238,0.7442,0.0204,0.7628,0.7596,-0.0032
ez_disruption,0.9134,0.8996,-0.0138,0.6166,0.5876,-0.029,0.588,0.5876,-0.0004
shrm,0.882,0.8822,0.0002,0.2052,0.1946,-0.0106,0.3044,0.2442,-0.0602
vitreous_full,0.8818,0.8678,-0.014,0.8684,0.8574,-0.011,0.8596,0.859,-0.0006
ir_hrf,0.8794,0.8792,-0.0002,0.9428,0.9432,0.0004,0.8574,0.8644,0.007
ir_hemorrhages,0.8578,0.8602,0.0024,0.2776,0.2724,-0.0052,0.3608,0.3314,-0.0294
vitreous_partial,0.842,0.8566,0.0146,0.7132,0.7346,0.0214,0.6958,0.7126,0.0168
atrophy_thinning,0.8364,0.8468,0.0104,0.1418,0.209,0.0672,0.2308,0.303,0.0722
preretinal_tissue,0.8182,0.8454,0.0272,0.4684,0.5154,0.047,0.4954,0.5534,0.058
vitreous_debris,0.8078,0.8338,0.026,0.6974,0.7236,0.0262,0.6366,0.6756,0.039
